artist,song,popularity
Skrillex,Rumble,84
Daphni,Always There,39
Daphni,Cloudy,46
altrice,yoni,32
Junior Boys,Night Walk,24
Zaza,Nduzangou,0
Daphni,Crimson,38
KH,Looking at Your Pager,55
LaRhonda LeGette,Thou Art With Me,14
Koreless,Black Rainbow,23
Joel Vandroogenbroeck,Fairy Tale,17
altrice,bda creature,29
Daphni,Arp Blocks,36
Mark A Mitchell,How Can I?,36
Ersen ve Dadaşlar,Yedin Beni,20
MGMT,Congratulations,60
Caribou,Sunnys Time - Prince Nifty Saddle up Mix,14
g-man,QuoVadis,23
Kareem Ali,Night Echoes,16
The New York Community Choir,"I'll Keep My Light in My Window - 12"" Version",33
Phil Cordell,RED LADY,39
Caribou,Never Come Back - Koreless Remix,0
Captain Beefheart & His Magic Band,Observatory Crest,42
Superlatives,I Don't Know How (To Say I Love You),0
Aphrodite's Child,Such A Funny Night,6
Offering,Tilim m'dohm,6
altrice,bda creature,11
George Duke,Faces in Reflection No.1,14
George Duke,Faces in Reflection No.2,11
645AR,Yoga,45
Apple & The Three Oranges,Love Brings Out the Best of You,19
Steve Tibbetts,The Big Wind,14
Joe Chambers,The Almoravid,8
Dean Blunt,AVAILABLE,21
Caribou,Never Come Back - Floating Points Remix,0
Lotte Kærså & Græsrødderne,Prøv og Gør Ligesom Jeg,0
Alogte Oho & His Sounds of Joy,Mam Yinne Wa,39
African Head Charge,Off The Beaten Track,30
Manos Tsangaris,Elephant's Easy Moonwalk Through the Night,3
Caribou,Never Come Back - Four Tet Remix,0
Tame Impala,Let It Happen,76
Carl Stone,Au Jus,0
Donato Dozzy,Parola - Rework,41
Yabby You,Dub of Jerusalem,13
Nick Drake,Fly,44
Ana Mazzotti,Agora ou Nunca Mais,40
Kamuran Akkor,İkimiz Bir Fidanız,36
Brainticket,Jardins,20
Raul Lovisoni,Prati Bagnati Del Monte Analogo,34
Cyril Walker,Won't You Serve Him,4
Jeff Parker,C'mon Now,0
Gruppo di Improvvisazione Nuova Consonanza,Niente,0
The New Year,My Bleeding Wound,9
EYE,Yellow Density,14
Reuben Wilson,"Got To Get Your Own - 7"" Short Edit",0
Delired Cameleon Family,Le boeuf,2
Gene Menger,Welcome Rain In Banana Grove,7
Jeanne Folly,5'...et quelque de bonheur,0
Totem Uruguay,Descarga,9
Labi Siffre,(Just) A Little More Line,1
Michael Naura Quartet,Call,12
Ramuntcho Matta,Ne - Original Mix,2
James Holden,10101,0
Lives Of Angels,Cold Expression,14
Caribou,Never Come Back - Morgan Geist Remix,0
Four Tet,Insect Near Piha Beach,36
Four Tet,Hi Hello,27
Caribou,Sunny's Time,31
Ian Pooley,900 Degrees,36
Asquith,The Conditioning Track - NYC Mix,10
MJ Cole,Dizzy New Heights - Shanti Celeste Remix,16
Nathan Fake,The Sky Was Pink - Holden Remix,0
Virgo Four,It's a Crime - Caribou Remix,19
Totó La Momposina,Curura,0
Barrett Strong,Man Up In The Sky,10
The Diddys,Intergalactic Love Song,44
Henry Franklin,Blue Lights,0
Quavius,Love The Way,11
Aaron Broomfield,I'm Gonna Miss Ya,24
Kingsley Bucknor,Just U and Me,0
DaBaby,BOP,77
Mobb Deep,Hell on Earth (Front Lines),67
Ursula K. Le Guin,Heron Dance,0
Angelo Noce Santoro,"Raindance, Pt. 1",5
Daniel Schmidt,And the Darkest Hour is Just Before Dawn,17
Melodic Energy Commission,Galloop,0
Peter Kardas,Other Playgrounds,4
Caribou,Magpie,30
Beverly Glenn-Copeland,Erzili,0
Luka Productions,Terriya,0
African Futurism,Akal Akal,0
Professor Rhythm,Professor 3,0
Asha Bhosle,Udi Baba,33
Daniel Lopatin,High Life,31
Caribou,Like I Loved You,41
Vegyn,Blue Verb,6
KAYTRANADA,Puff Lah,54
Bruno Spoerri,Bicycle Ride,1
Tonto's Expanding Head Band,Riversong,28
Jan Jones,Independent Woman,10
Dee Edwards,Why Can't There Be Love,0
Itopia,Creation Dubwise,10
CAN,Shikako Maru Ten,0
Beverly Glenn-Copeland,Color of Anyhow,0
Cocteau Twins,Cherry-coloured Funk,0
Beanie Sigel,Feel It In The Air,55
Nas,Cops Shot The Kid,46
Timbaland,Indian Flute,0
Asha Bhosle,Sona Rupa Layo Re - Joshila / Soundtrack Version,7
Four Tet,SW9 9SL,39
Logic1000,DJ Logic Please Forgive Me,33
Caribou,Never Come Back,56
Lxury,Joy TV,0
Oliver Coates,Charlev,0
Mark Broom,Loop132 - Original Mix,15
Caribou,New Jade,32
Benoit Widemann,Tsunami,9
François de Roubaix,Les dunes d'ostende (Original Motion Picture Soundtrack),25
Born Ruffians,Forget Me,6
Binker and Moses,The Valley of the Ultra Blacks,4
CAN,The Empress And The Ukraine King,0
Jeanne Folly,La soupeuse,0
The Headhunters,Music,16
Nuno Canavarro,Ultra Marina (1988),8
The Durutti Column,Detail For Paul,18
Arthur Russell,See-Through,29
Gloria Barnes,Home,39
The Delfonics,Ready Or Not Here I Come (Can't Hide From Love),7
Pusha T,The Games We Play,62
Frank Ocean,In My Room,79
Smerz,Because,0
⣎⡇ꉺლ༽இ•̛)ྀ◞ ༎ຶ ༽ৣৢ؞ৢ؞ؖ ꉺლ,ʅ͡͡͡͡͡͡͡͡͡͡͡(ƟӨ)ʃ͡͡͡͡͡͡͡͡͡͡ ꐑ(ཀ ඊູ ఠీੂ೧ູ࿃ूੂ✧✧✧✧✧✧ළඕั࿃ूੂ࿃ूੂ,48
Action Bronson,Easy Rider,53
Al Massrieen,Mafatshi Leh,10
Shinichi Atobe,Butterfly Effect,31
Vegyn,You Owe Me,2
Super Mama Djombo,Dissan Na M'bera,0
Ruth,Mabelle,0
Smokey Robinson,Baby That's Backatcha,31
The Ousmane Kouyate Band,N' Nafanta,3
Angelo & Eighteen,Flight 2,9
Steve Monite,Only You,0
Radiohead,Daydreaming,0
Fango,Admire,36
Gunna,Speed It Up,48
Kanye West,30 Hours,64
The Truper,Volume 2A,0
Momo Wandel Soumah,Afro Blue,27
Royal Flush,Worldwide,28
Marco Bosco,Metal I (Camila),2
Benita,Time for a Change,33
"Bernard ""Pretty"" Purdie",Black Purd's Theme,0
King Tubby,A Better Version,7
Kelly Lee Owens,Arthur,0
Amit Kumar,Ae Meri Awaz Ke Dosto - Amne Samne / Soundtrack Version,11
Floating Points,Requiem for CS70 and Strings,45
Floating Points,Last Bloom,38
Radiohead,Little By Little (Caribou Rmx),0
Philamore Lincoln,The North Wind Blew South,15
Warfield Spillers,Daddy's Little Girl,0
Rupa,Aaj Shanibar,0
James Dashow,"Sequenza bosco - Fuga - Theme From ""Oedipus Orca""",4
Etoile De Dakar,Thiely,0
Mobb Deep,Peer Pressure,3
MF DOOM,One Beer,0
Caribou,Odessa,0
patten,Flame,3
Baroque Jazz Trio,Orientasie,8
Group Anmataff,Tinariwen,0
Daphni,Cos-Ber-Zam Ne Noya - Daphni Mix,42
Koushik,Buttaflybeat,0
D'Yani,Idyongwana,3
The Rationals,Glowin' (2018 Remaster),2
Woo,Om Shanti,0
Wame Igini Kamu,Traditional (Papua New Guinea),0
Beatrice Dillon,Curl,8
Kool Blues,Can We Try Love Again,0
Miles Davis,Guinnevere,15
Willie Wright,Right On For The Darkness,0
Alcione,Figa De Guiné,55
Caribou,Silver,0
Harpers Bizarre,Witchi Tai To,20
Yanti Bersaudara,Lembur Kuring,0
Jo Tongo,Those Flowers,7
Caribou,Can't Do Without You,0
Daphni,Just,19
Antonio Sanches,Pinta Manta,18
R. D. Burman,"Title Music (Sholay) - From “Sholay Songs And Dialogues, Vol. 1” Soundtrack",15
Stip Guys,Da Kara,2
Caribou,Irene,0
Super Mama Djombo,Assalariado,0
Chuck Senrick,Don't Be so Nice,0
Fabriano Fuzion,Kosmos 1 & 2,5
Rome Sithammarat,Sao New Look,0
Caribou,Bees,0
Rex Rabanye,O Nketsang,3
Daphni,Sizzling,0
Steve Moore,Saturnalia,16
White Noise,Firebird,33
Candeia,"Vem, É Lua",6
Neba Solo,Can 2002,0
Caribou,Crayon,0
I. JORDAN,DNT STP MY LV,21
Bobby Boyd,"Girl, I Can Feel Ya",5
Victrola,Maritime Tatami,19
Alain Bellaïche,Sea Fluorescent,22
Brief Encounter,We Want to Play,15
Daphni,Face to Face,37
Swizz Beatz,Echo (feat. Nas),38
Herbert Bodzin,Orbital,2
Morgan Fisher,Breathing Rain,0
Carl Juarez,Self-Regulation (II),0
9th Wonder,Baby Cry,45
Caribou,People Eating Fruit,0
Rex Ilusivii,Veliki Prekor,2
Willie Griffin,I Love You,38
David Casper,China Camp,0
Phreek,May My Love Be with You,21
Daphni,"Yes, I Know",0
Caribou,Melody Day - Four Tet Remix,0
Flourish,Heaven Tar,5
Deuter,"Together (strange loneliness, change into melodic far eastern scene)",3
Houari Benchenet,Malika,4
Electric Machine,Fancy Good,8
Msawawa,Bowungakanani?,29
Timmermans/Wise,Two Friends,1
Caribou,"Cherrybomb, Pt. 2",0
Daphni,Life’s What You Make It,37
Joe Tossini,Wild Dream,16
Tony Allen,Asiko (In a Silent Mix) - Ricardo Villalobos Remix,7
Ted Lucas,Plain & Sane & Simple Melody,43
Lô Borges,Toda Essa Água,24
Woo,Wallpaper,0
Caribou,Second Chance,0
Priscilla Ermel,Gestos De Equilíbrio,0
Richard Horowitz,Bandit Nrah Master of Rajasthan,0
Pepe Maina,Africa - Live; Live - Strumentale,0
The-Dream,Fancy,33
Caribou,Jamelia,0
iSH,Faster Than A Speeding Bullet,11
Supreme Jubilees,It'll All Be Over,0
Caribou,Lalibela,33
Bassekou Kouyate,Ngoni Fola,3
The Webb People,I'm Sending Vibrations,0
Ashra,Sunrain,32
Wolfgang Dauners Et Cetera,Nemo's Dream - Live,6
Jordi Sabatés,Children'S Song,3
Roman IV,Lucy,11
Daphni,Ahora,22
Caribou,Sun,0
Roberto Musci,Rack railway To,33
Angelo Tinsley,Get Down with Me,0
Al Massrieen,Sah,7
Hamid Al Shaeri,Ayonha,20
Maria Rita Stumpf,Lamento Africano/Rictus,0
Harco Pront,And Then,1
Caribou,Sunsesame,0
Carlton Williams,Prison Song,50
Barış Manço,Hal Hal,42
Kool & The Gang,Dujii,32
Lani Hall,Love Song,0
Caribou,"Dundas, Ontario",0
Daphni,Medellin,26
Gladys Knight & The Pips,Don't Turn Me Away,13
Nemo,The Waving Theme,3
Trio Esperança,Nao Aguento Voce,26
Tartit,Tihar bayatin - Live,0
Haruomi Hosono,DOWN TO THE EARTH/大地へ,10
Caribou,Leave House,0
Ennio Morricone,"Guerra e pace, pollo e brace 1",0
Yanti Bersaudara,Bandung,0
Dwain Vinyard,Searching For The Truth,0
"Johnson, Hawkins, Tatum & Durr",You Can't Blame Me,0
Energettics,You Make Me Nothing,0
Caribou,Drumheller,0
"Sly, Slick & Wicked",Love's Gonna Pack up and Walk Out,0
Daphni,If,24
The Impressions,Seven Years,35
Steve Kuhn,The Meaning of Love,37
Schacke,Kisloty People,0
Vainqueur,"Antistatic, Pt. 2",5
Caribou,Back Home,0
Jack Sass Band,Where Is the Love (You Promised Me),11
Stargate,Driving Hyperreality,9
Placebo,Aria,18
Ensemble Amaro de Souza,Capoeira na vila,6
Finis Africae,Juana y Rosalía,13
Carl Stone,Banteay Srey,0
Caribou,Bowls,30
Trio Ternura,A Gira,48
Norman Connors,Dance of Magic,7
CAN,A Spectacle,0
Billy Paul,East,20
Udit Narayan,"Saat Samundar Paar, Pt. 1",43
Wu-Tang Clan,"C.R.E.A.M. (Cash Rules Everything Around Me) (feat. Method Man, Raekwon, Inspectah Deck & Buddha Monk)",76
J Dilla,Interlude,0
Virgo Four,It's A Crime - Caribou Mix,0
Tevo Howard,Mechanical Disco Heart,5
John McLaughlin,"You Know, You Know",32
Brother Ah,Enthusiasm,0
George Semper,Extraterrestrial Search Contact Tones,2
Joni Mitchell,Both Sides Now,0
Jai Paul,He,0
Jai Paul,jasmine - demo,0
Jai Paul,Zion Wolf Theme - Unfinished,0
Caribou,Jacknuggeted,0
Eddie Callahan,Santa Cruz Mountains,11
Lorraine Johnson,The More I Get the More I Want,23
Lou Harrison,Four Pieces for Harp - Produced,10
Minnie Riperton,Les Fleurs,39
Luther Davis Group,You Can Be a Star,0
Mark Ernestus’ Ndagga Rhythm Force,Yermande (Prophet 5 Mix) [with Mbene Diatta Seck],0
Milton Wright,Brothers and Sisters,14
Adam F,Metropolis,0
Junior Boys,Like A Child - Carl Craig Remix,9
Caribou,Melody Day,0
Mazhar Ve Fuat,Adimiz Miskindir Bizim,46
Michael Bundt,The Brain of Oskar Panizza,8
Mike James Kirkland,Hang on in There,0
Neil Young,Will to Love - 2016 Remaster,0
Caribou,Found Out,33
Neneh Cherry & The Thing,Dream Baby Dream (Four Tet remix),0
The New X-Perience,Frisco Disco,0
Nohelani Cypriano,Lihue,50
Norman Connors,Give the Drummer Some,8
D'Yani,Idyongwana,0
Caribou,Pelican Narrows,0
Oluko Imo,Praise Jah (Vocal),0
Personal Touch,It Ain't No Big Thing,10
The Rance Allen Group,Truth Is Marching On,8
Robert Armani,Ambulance - Original Mix,20
Shake,Music Is The Only Way I Can Cominicate (edit),23
Caribou,Barnowl,0
Lootpack,Verbal Experiments (Instrumental),0
The Persuaders,Love Gonna Pack Up (And Walk Out),27
Room,Andromeda,3
Alemayehu Eshete,Yebèqanal,9
Per Tjernberg,They Call Me,0
Caribou,Every Time She Turns Round It's Her Birthday,0
Bobby Wright,Blood Of An American,10
Ayalew Mesfin,Hasabe (My Worries),0
The Durutti Column,Opera II,25
Tiwa Savage,Ma Lo,54
Laurie Spiegel,Donnie and Laurie,0
Amerie,1 Thing,65
Caribou,Bowls - Holden Remix,0
Aphex Twin,#1,50
Lightning Bolt,2 Towers,0
Gary Wilson,6.4 = Make Out,22
Nina Simone,22nd Century,13
Caribou,Your Love Will Set You Free,0
Souls Of Mischief,93 'Til Infinity,72
DJ Assassin,A Face In The Crowd - Original Mix,5
Terry Riley,A Rainbow in the Curved Air - Instrumental,35
Bakey USTL,A Tender Places,4
Joe Pass,A Time For Us,0
Phuture,Acid Tracks,0
Caribou,Niobe,22
Le Orme,Ad Gloriam,31
O Terco,Adormeceu,0
Popol Vuh,Affenstunde,0
Sathima Bea Benjamin,Africa,0
Manteca,Afro Funky,0
Shuggie Otis,Aht Uh Mi Hed,42
Queen Yahna,Ain't It Time (Instrumental),0
Big Daddy Kane,Ain't No Half-Steppin',52
Joyce Moreno,Aldeia De Ogum,22
Spontaneous Overthrow,All About Money,6
Stevie Wonder,All I Do,0
Missy Elliott,All N My Grill (feat. Big Boi of Outkast & Nicole),51
Mary Jane Girls,All Night Long,0
DJ Koze,All The Time,0
The Velvet Underground,All Tomorrow's Parties,0
Love,Alone Again Or,0
Hailu Mergia,Ambasel,10
AFX,Analogue Bubblebath,0
Lootpack,Answers (Instrumental),0
N.Y. House'n Authority,Apt 2a,0
Burial,Archangel,0
Jimi Hendrix,Are You Experienced?,46
Aaliyah,Are You That Somebody,0
Franco Battiato,Areknames,8
Caribou,Hendrix With Ko,0
Floating Points,ARP3,0
Stevie Wonder,As,0
C. K. Mann,Asafo Beesuon / Obaa Yaa / Aye Me Bone / Kolomashi / Dofo Bi Akyerew Me / Ankwasema Dede / Okwan Tsentsen Awar / Abowa Akonkon,0
George Mukabi,Asante Kwa Wazazi,0
Cloud One,Atmosphere Strut,28
22 Band,Atoni Yarabi Lema,4
Newcleus,Auto Man,5
Kraftwerk,Autobahn - 2009 Remaster,44
Tlahoun Gessesse,Aykedashem Lebe,19
K-Hand,B1 Untitled,0
Kittu,Baby Let's Dance Together - Shalimar / Soundtrack Version,0
Aphrodite's Child,Babylon,0
JUVENILE,Back That Azz Up,68
Marc Moulin,Balek - 2006 Remastered Version,37
Serge Gainsbourg,Ballade de Melody Nelson,0
Conrad Schnitzler,Ballet Statique,0
Brazil Selection,Bananaticoco,0
Caribou,Sandy,0
T. Rex,Bang a Gong (Get It On) - Re-Recorded,0
Koushik,Battle Rhymes For Battle Times,0
Isolée,Beau Mot Plage,0
Alice Babs,Been To Canaan,0
The Velvet Underground,Beginning To See The Light,0
Ilous & Decuyper,Berceuse,7
Stevie Wonder,Big Brother,0
JAY-Z,Big Pimpin',0
DJ Ss,Black,0
Broadcast,Black Cat,40
Moodymann,Black Mahogani,0
Led Zeppelin,Black Mountain Side - 1993 Remaster,45
Eddie Gale,Black Rhythm Happening - Remastered,27
Cocteau Twins,Blind Dumb Deaf,0
Sonny Sharrock,Blind Willie,32
Fred Wesley & The J.B.'s,Blow Your Head,0
Robin Kenyatta,Blues for Your Mama,3
Jimi Hendrix,Bold as Love,57
A Tribe Called Quest,Bonita Applebum - includes 'Can I Kick It' Intro,0
Prefab Sprout,Bonny,0
Showbiz & A.G.,Bounce Ta This,0
Cymande,Bra,0
Don Cherry,Bra Joe from Kilimanjaro,14
Luke Abbott,Brazil - Slow Version,0
"Earth, Wind & Fire",Brazilian Rhyme,0
Aphrodite's Child,Break,0
Rah Digga,Break Fool,32
Wu-Tang Clan,"Bring Da Ruckus (feat. RZA, Ghostface Killah, Raekwon & Inspectah Deck)",64
Don Cherry,Brown Rice,0
Arp Life,Bu-bu,0
Burundi Steiphenson Black,Burundi Black - 2E Partie,0
Daphni,Carry On,53
Marlena Shaw,California Soul,0
Antena,Camino del Sol,0
A Tribe Called Quest,Can I Kick It?,0
Wu-Tang Clan,"Can It Be All So Simple / Intermission (feat. RZA, Raekwon & Ghostface Killah)",54
Mr. Fingers,Can You Feel It,0
Emeralds,Candy Shoppe,0
Mercury Rev,Car Wash Hair - Full Pull,23
Joni Mitchell,Carey,0
Colin Blunstone,Caroline Goodbye,30
"Crosby, Stills, Nash & Young",Carry On,61
Abaco Dream,Cat Woman,0
Loleatta Holloway,Catch Me On the Rebound,0
Nathan Davis,Cecen Kizi,29
Ms. (Sharon) Ridley,Changin',0
A Tribe Called Quest,Check the Rhime,67
John Cale,Child's Christmas In Wales,0
We All Together,Children,0
Linda Perhacs,Chimacum Rain,0
Caribou,Hello Hammerheads,0
Neil Young,Cinnamon Girl - 2009 Remaster,0
Boredoms,(circle),0
Usher,Climax,0
Gang Starr,Code Of The Streets,52
Edwin Birdsong,Cola Bottle Baby,0
Jeru The Damaja,Come Clean - E New Y Radio,0
Salma Agha,Come Closer,0
Jean-Luc Ponty,Computer Incantations for World Peace,18
23 Skidoo,"Coup - 12"" 45 Version",18
Gang Starr,Credit Is Due,21
Drake,Crew Love,73
Justin Timberlake,Cry Me a River,75
Dedalus,CT 6,8
Fridge,Cut Up Piano and Xylophone,0
Eskaton,Dagon,0
Nahawa Doumbia,Dan tè dinyé la,16
Cozy Powell,Dance with the Devil,22
Marta Acuna,"Dance, Dance, Dance",0
Earth People,Dance-Club Mix,33
Eddie Kendricks,Date With The Rain,0
Ghostface Killah,Daytona 500 (feat. Raekwon & Cappadonna),8
Jackie McLean,De i comahlee ah,13
Dem 2,Destiny,0
Kalyanji-Anandji,Dharmatma - Theme Music 2,0
Paul Parrish,Dialogue Of Wind And Lover,0
Ariesta Birawa Group,Didunia Yang Lain,12
R. D. Burman,"Dil Lena Khel Hai Dildar Ka / Dialogue & Music : Laila , Majnu , Sheri , Farah (Zamaane Ko Dikhana Hai) - From ""Zamaane Ko Dikhana Hai""",29
Le Mystere Jazz de Tombouctou,Dina Waliji,0
Nathan Fake,Dinamo,0
Trans Volta,Disco Computer,21
Cloud One,Disco Juice,31
Toro y Moi,Divina,0
Susan Cadogan,Do It Baby,34
Gherkin Jerks,Don't Dis The Beat,0
Cloud One,Don't Let My Rainbow Pass Me By,0
Daphni,Ye Ye,0
Eric B. & Rakim,Don't Sweat The Technique,62
Jerry Washington,Don't Waste My Time,0
MF DOOM,Doomsday,31
Cam’ron,Down And Out,0
Armando,Downfall,0
The Byrds,Draft Morning,42
The End,Dreamworld,0
Asha Bhosle,Dum Maro Dum,0
Gang Starr,DWYCK,27
Jean-Jacques Perrey,E.V.A.,38
Madlib,Early Party,0
Joe Henderson,Earth,0
Parsley Sound,Ease Yourself And Glide,0
Relatively Clean Rivers,Easy Ride,0
Tony Caro and John,Eclipse of the Moon,0
Rufus Harley,Eight Miles High - 2006 Remaster,7
Michal Urbaniak,Ekim (Special Edition),10
A Tribe Called Quest,Electric Relaxation,69
Captain Beefheart & His Magic Band,Electricity,35
Max Berlin,Elle Et Moi,36
Mulatu Astatke,Emnete,0
The Lightmen Plus One,Energy Control Center,3
Douglas Leedy,Entropical Paradise I,1
Dorothy Ashby,Essence Of Sapphire,0
Erkin Koray,Estarabim,36
Caribou,Skunks,0
Marcos Valle,Estrelar,56
RAMP,Everybody Loves the Sunshine,0
The Firebolts,Everybody Party (Get Down) - Re-edit,0
Incognito,Everyday - Master At Work Everyday Dub,0
Sly & The Family Stone,Everyday People,60
Jeff Phelps,Excerpts from Autumn,7
Rashied Ali,Exchange Part 1,0
J Dilla,F**k The Police (Street),0
Slum Village,Fall in Love,0
Magnetic Touch,Falling In Love With A Dream,0
Theo Parrish,Falling Up (Carl Craig remix),0
Sly & The Family Stone,Family Affair,0
4D,Fauve Moderne,0
The Beach Boys,Feel Flows - Remastered 2009,45
The Byrds,Fiddler a Dram (Moog Experiment),8
Madvillain,Figaro,0
Grauzone,Film 2,0
The Congos,Fisherman,0
King Tubby,Flag Dub,0
Michael Rother,Flammende Herzen,0
Craig Mack,Flava in Ya Ear,56
Aphex Twin,Flim,0
Philip Glass,Floe,37
Steve Miller Band,Fly Like An Eagle,67
Crash Course In Science,Flying Turns,30
Parris Mitchell,Follow Me Ghetto (Acid),0
George Duke,For Love (I Come Your Friend),17
Barbara & Ernie,For You,32
Koushik,Forest Loop,0
Daphni,Poly,54
Chez Damier & Stacey Pullen,Forever Monna,0
Garçons,French Boy,9
Pärson Sound,From Tunis To India in Fullmoon (On Testosterone),0
Egg,Fugue in D Minor,0
George Smallwood,Funk By The Pound,0
Nina Simone,Funkier Than a Mosquito's Tweeter,9
Sons of Darkness,Funky Thing,0
CAN,Future Days,0
D-Malice,Gabryelle (Refix),24
Abbey Lincoln,Garvey's Ghost,3
Emeralds,Genetic,0
The Defaulters,Gentle Man,0
Joe Coleman,Get It Off the Ground,0
Daphni,Tin,33
T. Rex,Get It On (Bang A Gong) - Alternate Version,17
The Notorious B.I.G.,Get Money (feat. Junior M.A.F.I.A.) - 2007 Remaster,65
Destiny's Child,Get On The Bus (feat. Timbaland),13
Neutral Milk Hotel,Ghost,0
Suicide,Ghost Rider,0
Albert Ayler,Ghosts: Ghosts: Variation 1,0
The Rolling Stones,Gimme Shelter,0
Busta Rhymes,Gimme Some More,60
Four Tet,Glasshead,6
Ramadanman,Glut,23
The Beach Boys,God Only Knows,0
Canned Heat,Going Up The Country,63
Lloyd Clifton Miller,Gol-e Gandom,14
A$AP Rocky,Goldie,0
William Onyeabor,Good Name,0
The Langley Schools Music Project,Good Vibrations,31
The Beach Boys,Good Vibrations - Remastered 2001,71
Clyde Alexander & Sanction,Got To Get Your Love,0
Cerrone,Got to Have Loving,0
Les Sins,Grind,0
Clipse,Grindin',34
Larry Coryell,Gypsy Queen,0
Philippe Besombes,Hache 06,0
Djeli Moussa Diawara,Haidara,0
NEU!,Hallogallo,0
Hal Blaine,Hallucinations (April),0
Asa-Chang & Junray,Hana,0
DJ Nori,Happy Sunday (Maurice Fulton Mix),21
Baby Huey,Hard Times,57
Bobbi Humphrey,Harlem River Drive,43
Harlem River Drive,Harlem River Drive (Theme Song) - 2006 Remaster,13
Philippe Besombes,Haute pression,0
Albert Ayler,Heart Love,0
Relatively Clean Rivers,Hello Sunshine,0
Brian Eno,Here Come The Warm Jets - 2004 Digital Remaster,37
The Velvet Underground,Here She Comes Now,0
The Velvet Underground,Heroin,0
Andrew Hill,Hey Hey - 1993 Remastered Version,1
Nutty Professor The Klumps Soundtrack,Hey Papi,0
Missy Elliott,Hit 'Em wit da Hee (feat. Lil' Kim),17
Cluster,Hollywood,36
David Axelrod,Holy Thursday,38
Esther Phillips,Home Is Where the Hatred Is,42
Soho,Hot Music,28
Marc Moulin,Humpty Dumpty - 2006 Remastered Version,40
Alice Coltrane,Huntington Ashram Monastery,0
Joy Orbison,Hyph Mngo,0
The Notorious B.I.G.,Hypnotize - 2007 Remaster,73
Stevie Wonder,I Believe (When I Fall In Love It Will Be Forever),0
Jackson Sisters,I Believe In Miracles,0
TC Crew,I Can't Do It Alone,0
Daryl Hall & John Oates,I Can't Go for That (No Can Do),42
Bernard Bonnier,I Can't Sing ...,3
Jerry Green,I Finally Found the Love I Need,7
Grand Puba,I Like It (I Wanna Be Where You Are),0
Syreeta,I Love Every Little Thing About You,0
The Paris Sisters,I Love How You Love Me,0
Dizzee Rascal,I Luv U,0
Sylvester,I Need Somebody To Love Tonight,0
Kris Okotie,I Need Someone,17
The Doves,I Shall Be Free,6
Marijata,I Walk Alone,36
The Stooges,I Wanna Be Your Dog,60
Timeless Legend,I Was Born To Love You,31
Kurious,I'm Kurious,0
10cc,I'm Not In Love,0
James Brown,I'm Satisfied,0
Lil Wayne,I'm Single,23
Rome Fortune,Ice Cream Man,0
Sly & The Family Stone,If You Want Me to Stay,68
Black Truth Rhythm Band,Ifetayo,0
Henri Roger,Images,1
50 Cent,In Da Club,85
John Coltrane,India,0
Group Home,Inna City Life,0
Marvin Gaye,Inner City Blues (Make Me Wanna Holler),0
Shuggie Otis,Inspiration Information,51
MJ Cole,Introduction,0
Caetano Veloso,Irene,0
Trevor Dandy,Is There Any Love?,0
Head High,It’s a Love Thing (Piano Invasion),0
Bob Chance,It’s Broken!,0
Ice Cube,It Was A Good Day - Remix;Edited,0
The Jimmy Castor Bunch,It's Just Begun,40
EPMD,It's My Thang,0
Ofege,It's Not Easy,43
E.S.P.,It's You,0
Ms. Jade,Jade's A Champ,0
Newcleus,Jam On Revenge (The Wikki Wikki Song),39
Jai Paul,jasmine - Demo,0
Theo Parrish,JB's Edit,13
Faust,Jennifer - 2006 Digital Remaster,35
Stereolab,Jenny Ondioline,0
The Jellies,Jive Baby On A Saturday Night,35
Alice Coltrane,Journey In Satchidananda,0
The Notorious B.I.G.,Juicy - 2005 Remaster,77
Crash Course In Science,Jump Over Barrels,19
Memphis Bleek,"Just Blaze, Bleek & Free",25
Erkin Koray,Karlı Dağlar,27
Moussa Doumbia,Keleya - Alternate LP Version,0
Kasso,Key West,0
The Notorious B.I.G.,Kick In The Door,0
MC5,Kick Out The Jams (Original Uncensored Version),44
Rhythm & Sound,King in My Empire (with Cornel Campbell),0
Augustus Pablo,King Tubby Meets The Rockers Uptown,0
King Tubby,King Tubby's Badness - Dub,0
The Free Design,Kites Are Fun,10
Kerri Chandler,Kong,6
Yamasuki Singers,Kono Samourai,0
Nahawa Doumbia,Korô Dia (à Mamaye Dramé L'inoubliable),0
Faust,Krautrock,24
John Coltrane,Kulu Sé Mama (Juno Sé Mama),0
Emmanuel Brun,La voix psychédélique,21
Steve Davis,Lalune Blanche,18
Donald Byrd,Lansana's Priestess,36
Tim Blake - Crystal Machine,Last Ride Of The Boogie Child,0
Peter Zummo,Lateral Pass: IV. Song IV (quintet),6
David T. Walker,Lay Lady Lay,0
Vangelis,Let It Happen,0
The Other People Place,Let Me Be Me,33
Bunny Mack,Let Me Love You [Andy Daniell Edit],19
Sons And Daughters Of Lite,Let the Sun Shine In,0
William Onyeabor,Let's Fall in Love,19
J Dilla,Lightworks,0
Batsumi,Lishonile,0
Jimi Hendrix,Little Wing,73
Group Home,Livin' Proof,0
Ornette Coleman,Lonely Woman,38
my bloody valentine,Lose My Breath,0
Billy Byrd,Lost in the Crowd,7
Caetano Veloso,Lost In The Paradise,0
Aphrodite's Child,"Loud, Loud, Loud",0
Pugh Rogefeldt,"Love, Love, Love",25
Quasimoto,Low Class Conspiracy,0
Boz Scaggs,Lowdown,45
Camp Lo,Luchini Aka This Is It,41
A Certain Ratio,Lucinda,0
A Tribe Called Quest,Luck of Lucien,0
Philippe Besombes,Lundi matin,0
Chaweewan Dumnern,Lung Tung Wai,0
Nico Gomez And His Afro Percussion Inc.,Lupita,0
Anthony Naples,Mad Disrespect,0
Nas,Made You Look,63
Daft Punk,Make Love,52
Rail Band,Mali Cèbalenw,0
Houn Pierre,Mansou Djouwi,0
Soseme Makonde,Manzara,0
Mark Ernestus,Masikulu Dub,2
Gang Starr,Mass Appeal,35
Scientist,Materialize,31
Amampondo,Mawethu,10
Jeri-Jeri,Mbeuguel Dafa Nekh (with Mbene Diatta Seck),0
Kevin Volans,Mbira,0
The Beach Boys,Meant For You - Remastered 2001,45
Madvillain,Meat Grinder,0
Head High,Megatrap (Mix Mix),0
Wayne Gardiner Pres Classic Man,Mellow - From The Deep Mix,1
Azymuth,Melô Dos Dois Bicudos,21
Cha Cha Shaw,Melted Soul,2
Ariel Kalma,Message 18.10.77,5
3 Generations Walking,Midnight Bustling - Francois Kevorkian Dub,0
Jesse Anderson,Mighty Mighty,11
Suicide,Misery Train,0
Belle Epoque,Miss Broadway,37
Colin Blunstone,Misty Roses,32
The Byrds,Moog Raga - instrumental,21
Telex,Moskow Diskow,0
CAN,Mother Sky,0
Curtis Mayfield,Move On Up,0
Chris McGregor,Mra,0
David Crosby,Music Is Love,0
Albert Ayler,Music Is The Healing Force Of The Universe,0
Sabu Martinez,My Christina,3
Neil Young,"My My, Hey Hey (Out Of The Blue)",0
Eddie Kendricks,My People...Hold On,0
L'Orchestre Kanaga de Mopti,N'do N'do,0
Nas,N.Y. State of Mind,60
Celia,Na boca do sol,27
Tim and Foty,Ndola-ngo,24
Cos-Ber-Zam,Ne Noya,27
Brian Eno,Needles In The Camel's Eye - 2004 Digital Remaster,42
Francis Bebey,New Track,0
Evans Pyramid,No I Won't,35
Weather Report,Non-Stop Home,6
J Dilla,Nothing Like This,0
Sun Ra Arkestra,Nuclear War,0
Pusha T,Numbers On The Boards,52
Tshetsha Boys,Nwampfundla,0
Atomic Forest,Obsession '77 (Fast),11
Cam’ron,Oh Boy,37
Teaspoon & The Waves,Oh Yeh Soweto,0
Neil Young,Old Man,0
Bülent Ortaçgil,Olmalı mı Olmamalı mı,43
Fuck Buttons,Olympians,27
Harvey Mason,On and On,0
Canned Heat,On The Road Again,52
Miles Davis,One and One,24
lighthouse,One Fine Morning,0
The Albert,One Life,0
Nas,One Love (feat. Q-Tip),57
Manfred Mann Chapter Three,One Way Glass,0
Neil Young,Only Love Can Break Your Heart,0
The Beach Boys,Only With You - Remastered 2000,28
Pamoja,Oooh Baby,0
Tweet,Oops (Oh My) [feat. Missy Elliott],63
Eduardo Araujo,Opanigê,0
Liquid Liquid,Optimo,34
Silver Apples,Oscillations,0
"Crosby, Stills, Nash & Young",Our House,70
Round Robin,Our Love Is so True,0
The Beach Boys,Our Prayer - 2011 Smile Version,17
The Beach Boys,Our Sweet Love - Remastered 2009,29
Jesse Gould,Out Of Work,0
Led Zeppelin,Over the Hills and Far Away - 1990 Remaster,0
Patrick Cowley,Pagan Rhythms,0
Milton Nascimento,Para Lennon E McCartney,52
Konono N°1,Paradiso,0
Alice Coltrane,Paramahansa Lake,0
Gilbert Artman,Part 1 in E-Flat Minor,4
Laurie Spiegel,Patchwork,0
Timbaland & Magoo,People Like Myself,0
Liaisons Dangereuses,Peut Être ... Pas,19
Slum Village,Players,0
Junior Boys,Playtime,0
Ginuwine,Pony,74
Canned Heat,Poor Moon,12
Gas,Pop,0
The Millennium,Prelude,7
Arnold Dreyblatt & The Orchestra of Excited Strings,Propellers in Love,0
Alex Reece,Pulp Fiction,47
Da Sampla,Pursuit Mix 3,0
Big L,Put It On,65
Radiohead,Pyramid Song,0
Arzachel,Queen St. Gang,0
Gold Panda,Quitter’s Raga,0
Charanjit Singh,Raga Malkauns - Instrumental,0
Ananda Shankar,Raghupati,24
Dennis Wilson,Rainbows,38
Petey Pablo,Raise Up,55
Paul McCartney,Ram On - 2012 Remaster,0
Noel Ellis,Reach My Destiny,0
Warren G,Regulate,51
Gal Costa,Relance,0
Nas,Represent,65
Serge Gainsbourg,"Requiem pour un c... - BOF ""Le pacha""",0
Kerri Chandler,Return 2 Acid,10
Double 99,Ripgroove,38
Andre Tanker,River Come Down,9
Stark Reality,Rocket Ship,0
Toro y Moi,Rose Quartz,0
The Congos & The Heptones,Row Fisherman,0
The Pharcyde,Runnin',0
Sly & The Family Stone,Runnin' Away - single master,18
Roy Ayers,Running Away,43
Rick Wilhite,Saldubsa 2 - Original Mix,0
Pivi et ses Balladins,Samba,0
Marvin Gaye,Sanctified Lady,37
Orchestre Régional De Kayes,Sanjina,0
A Tribe Called Quest,Scenario - LP Mix,61
Wookie,Scrappy,0
Jürgen Müller,Sea Bed Meditation,0
Silver Apples,Seagreen Serenades,0
Steve Miller Band,Serenade,0
Snoop Dogg,"Serial Killa (feat. The D.O.C., Tha Dogg Pound & RBX)",0
Moodymann,Shades Of Jae,0
Joe Mcphee,Shakey Jake,0
A Number Of Names,Shari Vari - Original Mix,27
Craig Leon,She wears a hemispherical skullcap: She wears a hemispherical skullcap,0
The Rolling Stones,She's A Rainbow,0
Miles Davis,Shhh / Peaceful,0
Ol' Dirty Bastard,Shimmy Shimmy Ya,0
Stark Reality,Shooting Stars,4
Kode9,Sine Of The Dub,0
CAN,Sing Swan Song,0
Three 6 Mafia,Sippin On Some Syrup (feat. UGK (Underground Kingz) & Project Pat),32
Hard House Bantons,Sirens,0
Morning,Sleepy Eyes,3
my bloody valentine,Soon,0
Marvin Gaye,Soon I'll Be Loving You Again,43
"Bernard ""Pretty"" Purdie",Soul Drums,32
Galt MacDermot,Space,28
Steve Miller Band,Space Intro,0
Marcus Belgrave,Space Odyssey,14
D'Angelo,Spanish Joint,0
Plastikman,Spastik,0
Sunbelt,Spin It,34
Gang Starr,Step In The Arena,42
Steve Parks,Still Thinking Of You,0
Area Code 615,"Stone Fox Chase (From ""The Old Grey Whistle Test"") - Remastered",0
J Dilla,Stop,0
N.W.A.,Straight Outta Compton,0
The Magnetic Fields,Strange Powers,0
Shuggie Otis,Strawberry Letter 23,59
The Brothers Johnson,Strawberry Letter 23,0
Derrick May,Strings of Life,0
A Tribe Called Quest,Sucka Nigga,52
"Earth, Wind & Fire",Sun Goddess (feat. Ramsey Lewis),43
The Velvet Underground,Sunday Morning,0
Stereolab,Super Electric,0
N.O.R.E.,SuperThug,0
Madvillain,Supervillain Theme,0
Mobb Deep,Survival of the Fittest,72
Goblin,Suspiria - Movie Theme,4
my bloody valentine,Swallow (EP Version),36
The Rolling Stones,Sympathy For The Devil,0
Kool G Rap,Take 'Em To War,32
Gang Starr,Take It Personal,24
JAY-Z,Takeover,52
Fairport Convention,Tale In Hard Time,22
Junior Boys,Teach Me How To Fight,0
Giorgio Moroder,Tears - Remastered,36
Wu-Tang Clan,"Tearz (feat. RZA, Ghostface Killah, Raekwon & Inspectah Deck)",58
Fred Williams,Tell Her,0
El Chicano,Tell Her She's Lovely,13
Alain Goraguer,Ten Et Tiwa,0
Keith Tippett,Thank You for the Smile,0
Led Zeppelin,That's the Way - 1993 Remaster,0
Arthur Russell,That's Us / Wild Combination,0
Wire,The 15th - 2006 Remastered Version,0
Brian Eno,The Big Ship - 2004 Digital Remaster,54
Gil Scott-Heron,The Bottle,0
Brandy,The Boy Is Mine - Radio Edit with Intro,37
R. D. Burman,The Burning Train,0
James Holden,The Caterpillar's Intervention,0
Pharoah Sanders,The Creator Has a Master Plan,0
Oppenheimer Analysis,The Devil's Dancers,41
Nico,The Fairest Of The Seasons,0
Group,The Feed-back,0
Suzanne Ciani,The Fifth Wave - Water Lullaby,27
David Axelrod,The Fly,31
Aphrodite's Child,The Four Horsemen,0
23 Skidoo,The Gospel Comes To New Guinea,16
Robert Hood,The Greatest Dancer,36
Tsegue-Maryam Guebrou,The Homeless Wanderer,47
David Axelrod,The Human Abstract,27
Tsegue-Maryam Guebrou,The Last Tears of a Deceased,40
Luboš Fišer,The Magic Yard,0
Art Ensemble Of Chicago,Thème de Yoyo,31
Babe Ruth,The Mexican,50
Scott Walker,The Old Man's Back Again (Dedicated To The Neo-Stalinist Regime),46
Spirit,The Other Song,0
Gary Davis,The Professor (Is) Space Walking,0
Eddie Gale,The Rain,0
Kwame,The Rhythm,31
David Axelrod,The Signs Part II,9
The Cyrkle,The Visit (She Was Here),45
David Axelrod,The Warnings Part II,29
The Zombies,The Way I Feel Inside,0
Urban Culture,The Wonders Of Wishing (For You),0
Nas,The World Is Yours,70
10cc,The Worst Band In The World,2
Dexter Wansel,Theme from The Planets,0
Pete Rock & C.L. Smooth,They Reminisce over You,0
Stanton Davis' Ghetto/Mysticism,Things Cannot Stop Forever (Poon Tang Tally-Wacky),10
Big Star,Thirteen,39
The Zombies,This Will Be Our Year,23
Nadie La Fonde,Three Way Situation,0
Kanye West,Through The Wire,0
The Beach Boys,'Til I Die - Remastered 2009,40
Kodek,Tim Toum,0
Seefeel,Time To Find Me (AFX Fast Mix),0
O.C.,Time's Up,49
Tom Scott,Today,36
McDonald & Giles,Tomorrow's People,0
Arthur Russell,Tone Bone Kone,0
Hanson & Davis,Tonight (Love Will Make It Right) [Dub],0
Charles Mingus,"Track A - Solo Dancer (Stop! Look! And Listen, Sinner Jim Whitney!)",0
Galaxy 2 Galaxy,Transition,25
Rome Fortune,Tropical,0
Aaliyah,Try Again,0
Milton Nascimento,Tudo O Que Você Podia Ser,30
J Dilla,Two Can Win,0
Supermayer,Two Of Us - Extended Version,0
FKA twigs,Two Weeks,0
Sun Ra,Ufo,0
Nelson Angelo,Um Gosto De Fruta,17
Drake,Under Ground Kings,62
Aphex Twin,Untitled [SAW2 CD1 Track1] (Four Tet Mix),27
Jef Gilson,Up to the Light,3
Don Cherry,Utopia and Visions,32
Kenny Graham And His Satellites,Utsu,4
Floating Points,Vacuum Boogie,0
Jef Gilson,Valiha Del,3
Ride,Vapour Trail,0
Bernard Bonnier,Vero-Ia-Toto,1
Harmonium,Vert,0
K'Alexi Shelby,Vertigo,0
Tyree,Video Crash,14
CAN,Vitamin C,0
Muyei Power,Wali Bena,0
Tronco Traxx,Walk 4 Me,0
Rotary Connection,Want You To Know,0
Michael Campbell & High Volt,We Are Making Music (Part 1),0
Curtis Mayfield,We Got to Have Peace,38
The Psychedelic Aliens,We're Laughing,30
Brandy,What About Us?,47
Freeway,What We Do,0
Marvin Gaye,What's Going On,0
Aorta,What's In My Mind's Eye,5
DJ Elmoe,"Whea Yo Ghost At, Whea Yo Dead Man",0
William Onyeabor,When the Going is Smooth & Good,0
South Street Player,(Who?) Keeps Changing Your Mind - The Night Mix,0
Paul Giovanni,Willow's Song,5
Joe McPhee / John Snyder,Windows In Dreams / Colors In Crystal,0
Steve Poindexter,Work That Motherfucker - Original Mix,0
J Dilla,Workinonit,0
Aphex Twin,Xtal,0
Jeru The Damaja,Ya Playin' Yaself,51
Jimmy Hyacinthe,Yatchiminou,0
Lancelot Layne,Yo Tink It Sorf,0
Doris,You Never Come Closer,35
Dionne Warwick,You're Gonna Need Me,43
Led Zeppelin,Your Time Is Gonna Come - 1990 Remaster,45
Toubabou,Youvalou Rada - La nature en personne,0
Dariush Dolat-Shahi,Zahab,4
Boards of Canada,Zoetrope,31
Barney Wilen,Zombizar,17
Wookie,Battle - mixed,0
Neno Exporta Som,Deixa a Tristeza,0
Mavis John,Use My Body,0
Connie Laverne,Can't Live Without You,0
Claudia,Com Mais De 30,41
Harmonia,Watussi,0
Mulatu Astatke,Yègellé Tezeta,0
Wire,Outdoor Miner - 2006 Remastered Version,0
Rudolph Johnson,The Highest Pleasure,0
Herbie Hancock,Nobu,16
LFO,Tied Up (Spiritualized Electric Mainline Remix),4
Willow,Untitled B1,0
Darondo,Sure Know How to Love Me,0
Shadow,Let's Get It Together,29
Beverly Glenn-Copeland,Ever New,0
Rodion G.A.,Cantec Fulger,0
Mulatu Astatke,Wubit with Muluken Melesse,0
Curtis Mayfield,Right on for the Darkness - 2014 Japan Remaster,19
Benjamin Ball,Flash a Flashlight,14
Rex Rabanye,O Nketsang,0
Joe Lewis,Midnight Dancin' - Dancin' Mixx,0
Carmen,Time To Move,0
Laraaji,All Pervading,0
Evinha,Que Bandeira,23
Johnick,C'mon - Original Mix,5
Severed Heads,Dead Eyes Opened,34
Mariah,Shinzo No Tobira,40
Showbiz,Next Level,0
Tim Dog,Fuck Compton,0
Darondo,Didn't I,0
Suicide,Dream Baby Dream - Long Version,32
Chemise,She Can't Love You,33
Busta Rhymes,Show Me What You Got,32
Ornette Coleman,Friends And Neighbors,0
Edu Lobo,Viola Fora De Moda,33
Rahaan,Disco Fantasy,33
Together Band,You Can't Run From Love,0
Madvillain,Fancy Clown,0
Beckie Bell,Music Madness (Extended Charles Maurice Version),0
João Donato,A Rã,53
Selda Bağcan,Dam Üstüne Çul Serer,0
Perigeo,Via Beato Angelico,14
Ramsey & Company,Love Call,0
David Borden,"The Continuing Story of Counterpoint, Pt. 9",8
Salah Ragab,Neveen,8
Strafe,Set It Off (Instrumental),19
Tomorrow's People,Open Soul,11
Arthur Verocai,Na boca do sol,48
Pete Dunaway,Supermarket,0
John Klemmer,Free Soul,2
Fluorescent Smogg,All My Life,14
Ravi Shankar,Raagank (Classical Melody Moods) - Instrumental (Live),0
Laraaji,I Am Ocean,17
Tenorio Jr.,Nebulosa,29
Rhythim Is Rhythim,Strings of Life,0
Jimi Hendrix,Crosstown Traffic,63
Paternoster,Old Danube,3
Ndikho Xaba,Nomusa,12
Shake,Lost in Space (edit),16
Bill Loko,Nen Lambo,0
Gil Scott-Heron & Brian Jackson,The Bottle,47
The Beatles,Tomorrow Never Knows - Remastered,0
Joe R Lewis,Separate Ways,0
Radiohead,Nude,0
Radiohead,Reckoner,0
Ebo Taylor,What Is Life?,12
Embryo,Abdul Malek,8
Gary Davis,The Professor Here,0
Gary Davis,Got To Get Your Love,0
Hanson & Davis,Tonight (Love Will Make It Right) [Dub],6
Bobby V.,Tell Me,10
G Flame,Pulsez,0
The New York Community Choir,Express Yourself - David Todd Remix,8
Selda Bağcan,Yaz Gazeteci Yaz,0
Memphis Bleek,"Just Blaze, Bleek & Free",0
The Magnetic Fields,Take Ecstasy with Me,0
Al Green,I Wish You Were Here,47
Koushik,Nothing's The Same,0
Group Inerane,Nadan al Kazawnin,0
Goldie,Timeless,0
Fat Joe,The Shit is Real - DJ Premier Remix,38
Big L,Devil's Son from Lifestylez,0
N.W.A.,Straight Outta Compton - Extended Mix / Edit,54
Chez Damier,Chez A. Untitled - Extended Mix,29
Papa Ndiaye,Rewmi,0
Cortex,Huit octobre 1971,62
Cortex,Chanson d'un jour d'hiver,42
Cortex,Mary et Jeff,48
Scientist,Dematerialize,12
Linval Thompson,Lump Sum,2
Karin Krog,The Meaning of Love (feat. Steve Kuhn),7
Amanaz,Green Apple,41
Le Mystere Jazz de Tombouctou,Dina Waliji - Saints De L'islam,0
Intriya Ag Babo,Taliat,0
Group Anmataff,Tinariwen,0
Volta Jazz,Mama Soukous,0
Group Doueh,Wazan Samat,0
Group Doueh,Kar Labyad Doueh,0
Ata Kak,Daa Nyinaa,0
Omar Souleyman,Leh Jani,0
Group Inerane,Kuni Majagani,0
Liberty City,Some Lovin' - Deep Dub,0
Rob,Forgive Us All,0
Moondog,Enough About Human Rights,30
Moondog,Avenue of the Americas 51st Street,0
H. Tical,Laser,0
Albert Ayler,Truth Is Marching In,0
Drexciya,You Don't Know,21
Taxie,Rock Don't Stop,15
Vandana Bajpai,Aur Paas Aa China,0
Luka Productions,Dambéfoli,0
Dur-Dur Band,Dooyo,0
Gloria Ann Taylor,"Love Is a Hurtin' Thing - 12"" Version",0
Andrew Hill,Hey Hey - Remastered,7
Barış Manço,Gönül Dağı,0
Barış Manço,Lambaya Püf De,0
Lard Free,Spirale Malax,3
Rim Kwaku Obeng,Love Me For Real,0
Lilys,Radiotricity,12
Billy Nicholls,Girl from New York,2
The Free Design,Make The Madness Stop,17
David Lee Jr.,Second Line March,0
Alice Coltrane,Er Ra,0
Archie Whitewater,Cross Country,13
Pedrinho,Ódio Sem Valor,32
Connan Mockasin,It's Choade My Dear,0
Ariel Pink,For Kate I Wait,0
Bruce Haack,Electric to Me Turn,0
Sopwith Camel,Fazon,42
Stratus,Girl,0
Moses Smith,Keep on Striving - 2013 Remaster,7
Tyrone Evans,Rise Up - Discomix,15
Sheila Chandra,"Prema, Shanti, Dharma, Satya",0
Joe Cruz & The Cruzettes,Love Song,0
Michael Boothman,What You Won't Do for Love,0
Evans Pyramid,Never Gonna Leave You,40
Jan Hammer Group,Don't You Know,45
Arnie Love & The Lovelettes,We Had Enough,0
Marehemu George Mukabi,Asante Kwa Wazazi,20
Ghostface Killah,Dogs Of War,0
Träd Gräs Och Stenar,Sanningens silverflod - Djungelns Lag,0
Twinkie Clark,Awake O Zion,0
Alice Coltrane,A Love Supreme,0
Mystic Bill,Focus,1
Mark Ernestus’ Ndagga Rhythm Force,Jigeen,0
Donny Hathaway,Memory of Our Love,46
Hareton Salvanini,Km 110,30
Jeanie Tracy,Making New Friends,20
Dungen,Panda,0
Broadcast,Man Is Not A Bird,32
Broadcast,Come On Let's Go,48
Stereolab,Come And Play In The Milky Night,0
Steve Poindexter,Express,10
Steve Poindexter,Computer Madness,0
MD X-Spress,God Made Me Phunky (Extended Mix),15
Alice Coltrane,Er Ra,14
Alice Coltrane,Huntington Ashram Monastery,0
Rotary Connection,I Am The Black Gold Of The Sun,0
Floating Points,For Marmish Part II,0
Sylvester,"Over And Over - 12"" Version",0
Eagles Lupopo ’77,Mrembo Pesa,0
Mammane Sanni Abdoulaye,Five Hundred Miles,0
Aril Brikha,Groove La Chord,30
Danny J Lewis,Spend the Night - H Man Dub,0
Kenix,There's Never Been No One Like You (feat. Bobby Youngblood) - Medlar Edit,39
Curtis,How Can I Tell Her - Re-edit,0
Delroy Edwards,Always (Edit),0
The Swan Silvertones,"If You Believe Your God Is Dead, Try Mine",28
P-Funk All Stars,Hydraulic Pump,32
Huruma Boys Band,Teresia,0
Mark Ernestus,April,0
Denis Sulta,It's Only Real,45
The Arms of Someone New,With Louise,0
Syrinx,Tumblers to the Vault,0
Usha Uthup,"Pain Is Many a Splendoured Thing - From ""Dard Ka Rishta""",0
Via Afrika,Hey Boy,0
The Paradise,In Love With You,0
Mood II Swing,Move Me,26
Osborne,Afrika,0
Lynn Williams,Don't Be Surprised,0
Gary Bartz Ntu Troop,Celestial Blues,0
DJ Bone,Higher - Original Mix,10
Barbara Mason,You Better Stop It,0
Mac & Party,Harambe,0
Michael White,The Blessing Song,0
Larry Heard Presents Mr. White,The Sun Can't Compare - Long Version,0
Aged In Harmony,You're a Melody,16
Percussions,KHLHI,0
Four Tet,Morning Side,0
Four Tet,Pinnacles,0
Four Tet,Lion,0
Four Tet,Love Cry,0
Four Tet,Twenty Three,28
Pole,Heim - Four Tet Remix,0
Rocketnumbernine,Matthew & Toby - Four Tet Remix,0
The Skatalites,Sealing Dub,13
Sweet Female Attitude,Flowers (Sunship Edit),42
Gwen McCrae,90% of Me Is You,0
John Heartsman,Talking About My Baby,5
Honey and the Bees,Love Addict,0
Darwin Jones,I Love Everything About You,0
Orchestra Baobab,Kelen ati leen,44
Diddy,Get Off,3
C. Henry Woods Troupe,The Stranger,8
CW/A,Mantra,0
Owen Marshall,Electric Flower,2
Dorothy Ashby,For Some We Loved,0
Dorothy Ashby,Soul Vibrations,0
Cyrus,Indian Stomp,0
Cybordelics,Adventures of Dama,14
Aphrodite's Child,The Seventh Seal,0
Tin Man,Falling Acid,18
Sueño Latino,Sueno Latino - Illusion First Mix by Derrick May,0
Stephen Encinas,Disco Illusion,0
Stephen Encinas,Lypso Illusion,0
Somore,I Refuse (What You Want) - Industry Standard Club Mix,26
Oby Onyioha,Enjoy Your Life,41
Lord Echo,Thinking of You,0
UMFANG,Force,0
Tirzah,Make It Up,51
Sun Ra,The Perfect Man,0
Bobby Frank Brown,The Boy a Sailor (Hoboing Seeking Truth),6
Bobby Frank Brown,My Hawaiian Home (Kids Prophesies Revolutionizing Physics),6
Pearson Sound,Freeze Cycle,15
Toro y Moi,You and I,0
Caterina Barbieri,Information Needed to Create an Entire Body,0
Quarteto Novo,Algodão,29
Pep Llopis,Jardins Aquatics,0
Marc Barreca,Hotcake,0
Jasper Van't Hof,Bandundu,1
UMFANG,Where Is She,16
Michael Wycoff,Come to My World,12
Paul Johnson,Hear The Music,41
Todd Terry,Devil's Dance,9
Clement Djimogne,Africa,10
A.R. & Machines,Cosmic Vibration,0
Abraham Battat,Fly Away,16
Abu Sultan,Your Love Made My Head Hurt,8
Demon Fuzz,Disillusioned Man,0
African Vibration,Hinde,0
The Aggrovators,It's A Disgrace Dub - unreleased dubplate mix,4
Ahmed Fakroun,Ya Farhy Beeku,0
Air,Mr. Man,39
Aksak Maboul,(Mit I) Saure Gurke (Aus I Urwald Gelockt),0
Alain Goraguer,Générique,0
Alden Tyrell,Rush,3
Alice Coltrane,Om Supreme,30
Alice Coltrane,Vrindavana Sanchara,24
Alice Coltrane,Sita Ram,0
Alicia Myers,I Want To Thank You,23
Alog,Every Word Was Once An Animal,0
Alvin Curran,Songs and Views from the Magnetic Garden: Songs and Views from the Magnetic Garden: II.,15
Ambassadors,Ain't Got the Love (Of One Girl On My Mind),31
Anamaria e Maurício,Mandato,12
Andréa Daltro,Kiuá,0
Angel Rada,Basheeba,0
Angel Rada,Panico A Las 5am,0
Angkanang Kunchai,Lam Sarawan,0
Aquarian Dream,Phoenix,0
Aquarian Dream,Fantasy,30
Arthur Russell,Lucky Cloud,21
Aster Aweke,Tizita,19
Ata Kak,Obaa Sima,0
Augustus Pablo,"Classical Illusion (Micron 7"")",9
Avalon Emerson,2000 Species of Cacti,0
Azymuth,Amazonia,11
Azymuth,Jazz Carnival,32
Barbara St Clair,Teacherman,21
Barış Manço,Gamzedeyim,0
Barış Manço,Ölüm Allah'ın Emri,0
Brother Ah,Sekou,0
Brother Ah,Celestial Strings,0
Bruce Ditmas,L’Unita,0
Bruce Ditmas,Side Looking Radar Image,0
B.T. Express,Peace Pipe,19
Byron Stingily,Get Up (Everybody) - Parade Mix,35
Carl Bean,"I Was Born This Way - 12"" Instrumental",5
Carlos Perón,"Nothing Is True, Everything Is Permitted",17
Carly Simon,"Why - 12"" Version",41
Caterina Barbieri,Scratches on the Readable Surface,0
Cerrone,La Secte de Marrakech,0
Cheval Fou,La fin de la vie...,7
Chez Damier,Can You Feel It - New York Dub,0
Chez Damier,Morning Factory,0
Chief Checker,Africa Irie,0
Chiwoniso,Zvichapera,0
Chris Simmonds,I Changed My Mind,0
Clarence G,Data Transfer,10
Cloud One,Disco Juice,0
Colin Blunstone,I Want Some More,30
Cooly G,Narst,7
Bob Ose,Crystals,22
Craig Leon,Ring with three concentric dics,0
Cristina Camargo,Moral Tem Hora,0
Cyrus,Indian Stomp,0
Damon Wild,Downtown World Pt. 3,0
Darrow Fletcher,Now Is The Time For Love Pt 1,0
David Earle Johnson,Ramtide,0
David Earle Johnson,"Sea, Sand and Sun",0
Discafric Band,Houiou Djin Nan Zon Aklumon,7
DJ Deeon,2 B Free,21
DjRUM,Watermark,34
Dom Salvador,Barumba,18
Dominique Lawalrée,La Maison Des 5 Éléments,12
Donald Eckert,Play It Slow,0
Doris Monteiro,Maita,31
Duo Ouro Negro,Kangrima,0
The Durutti Column,Lullaby 4 Nina,17
Eddie Warner,Chromatickles,2
The Edge Of Daybreak,Your Destiny,0
Eero Koivistoinen Music Society,BELLS,3
Ekkehard Ehlers,Plays John Cassavetes 2,0
Emanative,Makondi,0
Embryo Infinity Rebirth,Walls,0
Emerald Web,Flight Of The Raven,0
Entourage Music and Theatre Ensemble,Euphoric Bells,6
EQD,Equalized #111 01,0
The Equatics,Ain't No Sunshine,47
"Evelyn ""Champagne"" King","Love Come Down - 12"" Version",36
Evinha,Esperar pra Ver,0
Express Rising,Rooms Between Us,0
F. J. McMahon,Sister Brother,0
Fatback Band,Wicky Wacky,0
Francis Bebey,Il n'y a pas de crocodiles a Cocody,0
Frank Ocean,Nikes,73
Frank Ocean,Pink + White,87
Freda Payne,We’ve Gotta Find A Way Back to Love,18
Frédéric Castel,Open Up,15
Future,Mask Off,50
G.C. Cameron,You're What's Missing In My Life,3
George Smallwood,Loser,13
George Smallwood,Hey Mama,0
Gong,Love Is How You Make It - 2015 Remaster,12
G.Q.,It's Like That,0
G.Q.,Lies,0
Hanna Mekonnen,Ali New Biye,0
Heiko Laux,Moved (Ricardo Villalobos Remix),0
High Voltage,"Rock, Spank, Freak - Club 12"" Mix",0
James Asher,Heavy Train,2
James Dashow,"Oedipus Orca - Theme From ""Oedipus Orca""",32
James Harpham,Voodoo Tronics,2
James Tatum,Alleluia,2
James Tatum,Lord Have Mercy,5
Jeri-Jeri,Xale (with Mbene Diatta Seck),0
Jessy Lanza,It Means I Love You,24
Joe Zawinul,The Harvest,12
Joel Vandroogenbroeck,Nilotic Sounds,9
Jorge Darden,Alone Again,3
Joseph Shabason,Aytche,0
K-Hand,Remember When - Original Mix,0
Kamazu,Indaba Kabani,37
Kante Manfila,Mobereya,2
Lanark Artefax,Flickering Debris,0
Lemon D,This Is LA,0
Leroy Hutson,I Think I'm Falling In Love,0
Teddy Pendergrass,"The More I Get, the More I Want",0
Todd Edwards,Saved My Life,15
Todd Edwards,Never Far From You,9
Todd Edwards,Dancing For Heaven,7
Todd Edwards,You're The One,5
